{"cameraMode":{"drawMode":0,"name":"Shaded","section":"Shading Mode"},"sceneLighting":false,"audioPlay":false,"sceneViewState":{"m_AlwaysRefresh":false,"showFog":true,"showSkybox":true,"showFlares":true,"showImageEffects":true,"showParticleSystems":true,"showVisualEffectGraphs":true,"m_FxEnabled":true},"in2DMode":false,"pivot":{"x":-0.3605234622955322,"y":3.073282241821289,"z":0.17769193649291993},"rotation":{"x":0.0069123608991503719,"y":-0.012856622226536274,"z":0.0000054244887905952058,"w":0.9999477863311768},"size":3.287989854812622,"orthographic":false}