{"cameraMode":{"drawMode":0,"name":"Shaded","section":"Shading Mode"},"sceneLighting":false,"audioPlay":false,"sceneViewState":{"m_AlwaysRefresh":false,"showFog":true,"showSkybox":true,"showFlares":true,"showImageEffects":true,"showParticleSystems":true,"showVisualEffectGraphs":true,"m_FxEnabled":true},"in2DMode":false,"pivot":{"x":0.11545073986053467,"y":0.6080750823020935,"z":-0.0044404566287994389},"rotation":{"x":-0.11946147680282593,"y":0.879904568195343,"z":-0.30580613017082217,"w":-0.3436042368412018},"size":0.6531608700752258,"orthographic":false}