{"cameraMode":{"drawMode":0,"name":"Shaded","section":"Shading Mode"},"sceneLighting":false,"audioPlay":false,"sceneViewState":{"m_AlwaysRefresh":false,"showFog":true,"showSkybox":true,"showFlares":true,"showImageEffects":true,"showParticleSystems":true,"showVisualEffectGraphs":true,"m_FxEnabled":true},"in2DMode":false,"pivot":{"x":0.07136042416095734,"y":0.09337984770536423,"z":-0.22355374693870545},"rotation":{"x":0.2224646806716919,"y":0.7744979858398438,"z":-0.4558115601539612,"w":0.37813249230384829},"size":0.26489636301994326,"orthographic":false}