{"cameraMode":{"drawMode":0,"name":"Shaded","section":"Shading Mode"},"sceneLighting":false,"audioPlay":false,"sceneViewState":{"m_AlwaysRefresh":false,"showFog":true,"showSkybox":true,"showFlares":true,"showImageEffects":true,"showParticleSystems":true,"showVisualEffectGraphs":true,"m_FxEnabled":true},"in2DMode":false,"pivot":{"x":0.6264890432357788,"y":0.5213794708251953,"z":-1.686636209487915},"rotation":{"x":0.5276902318000794,"y":-0.01223747618496418,"z":0.007507189642637968,"w":0.849372923374176},"size":2.6560921669006349,"orthographic":false}