{"cameraMode":{"drawMode":0,"name":"Shaded","section":"Shading Mode"},"sceneLighting":false,"audioPlay":false,"sceneViewState":{"m_AlwaysRefresh":false,"showFog":true,"showSkybox":true,"showFlares":true,"showImageEffects":true,"showParticleSystems":true,"showVisualEffectGraphs":true,"m_FxEnabled":true},"in2DMode":false,"pivot":{"x":947.9346923828125,"y":219.8407745361328,"z":3.1069793701171877},"rotation":{"x":0.0294021163135767,"y":0.01863509975373745,"z":-0.0005818225326947868,"w":0.9994410872459412},"size":594.1976928710938,"orthographic":false}