{"cameraMode":{"drawMode":0,"name":"Shaded","section":"Shading Mode"},"sceneLighting":false,"audioPlay":false,"sceneViewState":{"m_AlwaysRefresh":false,"showFog":true,"showSkybox":true,"showFlares":true,"showImageEffects":true,"showParticleSystems":true,"showVisualEffectGraphs":true,"m_FxEnabled":true},"in2DMode":false,"pivot":{"x":0.5320103168487549,"y":0.43138837814331057,"z":0.46926677227020266},"rotation":{"x":0.2224646806716919,"y":0.7744979858398438,"z":-0.4558115601539612,"w":0.37813249230384829},"size":1.0814725160598755,"orthographic":false}