{"cameraMode":{"drawMode":0,"name":"Shaded","section":"Shading Mode"},"sceneLighting":false,"audioPlay":false,"sceneViewState":{"m_AlwaysRefresh":false,"showFog":true,"showSkybox":true,"showFlares":true,"showImageEffects":true,"showParticleSystems":true,"showVisualEffectGraphs":true,"m_FxEnabled":true},"in2DMode":false,"pivot":{"x":1.2400670051574708,"y":-1.7968053817749024,"z":0.009416598826646805},"rotation":{"x":-0.3660142123699188,"y":-0.5979467034339905,"z":0.35372650623321535,"w":-0.619254469871521},"size":2.1729109287261965,"orthographic":false}