{"cameraMode":{"drawMode":0,"name":"Shaded","section":"Shading Mode"},"sceneLighting":false,"audioPlay":false,"sceneViewState":{"m_AlwaysRefresh":false,"showFog":true,"showSkybox":true,"showFlares":true,"showImageEffects":true,"showParticleSystems":true,"showVisualEffectGraphs":true,"m_FxEnabled":true},"in2DMode":false,"pivot":{"x":1.2443805932998658,"y":-11.866377830505371,"z":11.04644775390625},"rotation":{"x":-0.45536279678344729,"y":-0.010150469839572907,"z":0.005196311045438051,"w":-0.8902397751808167},"size":16.48431396484375,"orthographic":false}