{"cameraMode":{"drawMode":0,"name":"Shaded","section":"Shading Mode"},"sceneLighting":false,"audioPlay":false,"sceneViewState":{"m_AlwaysRefresh":false,"showFog":true,"showSkybox":true,"showFlares":true,"showImageEffects":true,"showParticleSystems":true,"showVisualEffectGraphs":true,"m_FxEnabled":true},"in2DMode":false,"pivot":{"x":-1.9627573490142823,"y":0.27420759201049807,"z":0.8816123008728027},"rotation":{"x":0.6871241927146912,"y":0.0015346042346209288,"z":-0.0014328403631225229,"w":0.7265734076499939},"size":6.270669937133789,"orthographic":false}