{"cameraMode":{"drawMode":0,"name":"Shaded","section":"Shading Mode"},"sceneLighting":false,"audioPlay":false,"sceneViewState":{"m_AlwaysRefresh":false,"showFog":true,"showSkybox":true,"showFlares":true,"showImageEffects":true,"showParticleSystems":true,"showVisualEffectGraphs":true,"m_FxEnabled":true},"in2DMode":false,"pivot":{"x":0.09567157924175263,"y":-0.06209850311279297,"z":-1.29575777053833},"rotation":{"x":0.6898948550224304,"y":0.01125362142920494,"z":-0.010867305099964142,"w":0.7238135933876038},"size":6.559638500213623,"orthographic":false}